pos,AA,SS,dir,SS_updated
2,S,-,-1,-
3,K,T,-1,T
4,G,T,0,T
5,E,G,-1,G
6,E,G,1,G
7,L,G,-1,G
8,F,G,-1,G
9,T,S,1,S
10,G,S,0,S
11,V,-,1,-
12,V,E,-1,E-
13,P,E,1,E+
14,I,E,-1,E-
15,L,E,1,E+
16,V,E,-1,E-
17,E,E,1,E+
18,L,E,-1,E-
19,D,E,1,E+
20,G,E,0,E0
21,D,E,1,E+
22,V,E,-1,E-
23,N,T,-1,T
24,G,T,0,T
25,H,E,-1,E-
26,K,E,1,E+
27,F,E,-1,E-
28,S,E,1,E+
29,V,E,-1,E-
30,R,E,1,E+
31,G,E,0,E0
32,E,E,1,E+
33,G,E,0,E0
34,E,E,1,E+
35,G,E,0,E0
36,D,E,1,E+
37,A,G,-1,G
38,T,G,1,G
39,N,G,1,G
40,G,T,0,T
41,K,E,1,E+
42,L,E,-1,E-
43,T,E,1,E+
44,L,E,-1,E-
45,K,E,1,E+
46,F,E,-1,E-
47,I,E,1,E+
48,C,E,-1,E-
49,T,T,1,T
50,T,T,-1,T
51,G,S,0,S
52,K,S,-1,S
53,L,-,-1,-
54,P,S,1,S
55,V,S,1,S
56,P,-,1,-
57,W,G,1,G
58,P,G,1,G
59,T,G,1,G
60,L,G,1,G
61,V,T,1,T
62,T,T,1,T
63,T,T,1,T
64,L,-,-1,-
68,V,-,1,-
69,Q,G,-1,G
70,C,G,1,G
71,F,G,1,G
72,S,-,-1,-
73,R,B,1,B
74,Y,-,-1,-
75,P,-,1,-
76,D,G,1,G
77,H,G,1,G
78,M,G,1,G
79,K,G,1,G
80,R,G,-1,G
81,H,G,1,G
82,D,-,1,-
83,F,H,1,H
84,F,H,-1,H
85,K,H,-1,H
86,S,H,-1,H
87,A,T,-1,T
88,M,T,-1,T
89,P,T,1,T
90,E,T,1,T
91,G,-,0,-
92,Y,E,-1,E-
93,V,E,1,E+
94,Q,E,-1,E-
95,E,E,1,E+
96,R,E,-1,E-
97,T,E,1,E+
98,I,E,-1,E-
99,S,E,1,E+
100,F,E,-1,E-
101,K,T,1,T
102,D,T,1,T
103,D,S,-1,S
104,G,-,0,-
105,T,E,1,E+
106,Y,E,-1,E-
107,K,E,1,E+
108,T,E,-1,E-
109,R,E,1,E+
110,A,E,-1,E-
111,E,E,1,E+
112,V,E,-1,E-
113,K,E,1,E+
114,F,E,1,E+
115,E,E,1,E+
116,G,T,0,T
117,D,T,1,T
118,T,E,1,E+
119,L,E,-1,E-
120,V,E,1,E+
121,N,E,-1,E-
122,R,E,1,E+
123,I,E,-1,E-
124,E,E,1,E+
125,L,E,-1,E-
126,K,E,1,E+
127,G,E,0,E0
128,I,E,1,E+
129,D,-,1,-
130,F,-,-1,-
131,K,-,1,-
132,E,T,1,T
133,D,T,1,T
134,G,S,0,S
135,N,T,1,T
136,I,T,1,T
137,L,T,1,T
138,G,T,0,T
139,H,T,-1,T
140,K,-,1,-
141,L,B,-1,B
142,E,-,1,-
143,Y,S,1,S
144,N,-,1,-
145,F,-,-1,-
146,N,-,1,-
147,S,-,1,-
148,H,E,-1,E-
149,N,E,1,E+
150,V,E,-1,E-
151,Y,E,1,E+
152,I,E,-1,E-
153,T,E,1,E+
154,A,E,1,E+
155,D,E,-1,E-
156,K,G,1,G
157,Q,G,1,G
158,K,G,-1,G
159,N,T,1,T
160,G,E,0,E0
161,I,E,-1,E-
162,K,E,1,E+
163,A,E,-1,E-
164,N,E,1,E+
165,F,E,-1,E-
166,K,E,1,E+
167,I,E,-1,E-
168,R,E,1,E+
169,H,E,-1,E-
170,N,E,1,E+
171,V,B,1,B
172,E,T,-1,T
173,D,T,1,T
174,G,S,0,S
175,S,-,-1,-
176,V,E,1,E+
177,Q,E,-1,E-
178,L,E,1,E+
179,A,E,-1,E-
180,D,E,1,E+
181,H,E,-1,E-
182,Y,E,1,E+
183,Q,E,-1,E-
184,Q,E,1,E+
185,N,E,-1,E-
186,T,E,1,E+
187,P,E,-1,E-
188,I,S,1,S
189,G,S,0,S
190,D,-,1,-
191,G,-,0,-
192,P,-,-1,-
193,V,S,-1,S
194,L,S,-1,S
195,L,-,1,-
196,P,-,-1,-
197,D,-,1,-
198,N,S,1,S
199,H,E,-1,E-
200,Y,E,1,E+
201,L,E,-1,E-
202,S,E,1,E+
203,T,E,-1,E-
204,Q,E,1,E+
205,S,E,-1,E-
206,V,E,1,E+
207,L,E,-1,E-
208,S,E,1,E+
209,K,-,-1,-
210,D,-,1,-
211,P,T,1,T
212,N,T,1,T
213,E,-,-1,-
214,K,-,1,-
215,R,S,1,S
216,D,S,-1,S
217,H,E,1,E+
218,M,E,-1,E-
219,V,E,1,E+
220,L,E,-1,E-
221,L,E,1,E+
222,E,E,-1,E-
223,F,E,1,E+
224,V,E,-1,E-
225,T,E,1,E+
226,A,E,-1,E-
227,A,E,1,E+
228,G,S,0,S
229,I,S,-1,S
230,T,-,1,-
231,H,-,1,-
232,G,-,0,-
